DATE,HOMETEAM,PTS,FGA,FG%,3PA,3P%,FTA,FT%,TRB,AST,STL,BLK,TOV,PF,AWAYTEAM,PTS,FGA,FG%,3PA,3P%,FTA,FT%,TRB,AST,STL,BLK,TOV,PF,CLASS
10/16/2018,BOS,105,97,0.433,37,0.297,14,0.714,55,21,7,5,14,20,PHI,87,87,0.391,26,0.192,23,0.609,47,18,8,5,16,20,1
10/16/2018,GSW,108,95,0.442,26,0.269,18,0.944,58,28,7,7,21,29,OKC,100,91,0.363,37,0.27,37,0.649,45,21,12,6,14,21,1
10/17/2018,CHA,112,92,0.446,38,0.421,22,0.636,41,21,8,9,11,19,MIL,113,85,0.494,34,0.412,20,0.75,57,26,5,4,21,25,-1
10/17/2018,DET,103,92,0.424,24,0.25,22,0.864,46,21,5,5,14,20,BKN,100,82,0.488,27,0.185,22,0.682,39,28,9,5,17,23,1
10/17/2018,IND,111,83,0.566,26,0.385,13,0.538,57,29,2,7,20,24,MEM,83,84,0.298,29,0.345,28,0.821,28,16,11,3,7,18,1
10/17/2018,ORL,104,94,0.415,25,0.28,31,0.613,51,20,7,7,12,25,MIA,101,97,0.392,33,0.273,22,0.727,52,16,4,5,16,28,1
10/17/2018,NYK,126,99,0.455,33,0.364,31,0.774,46,21,12,6,15,23,ATL,107,90,0.456,36,0.278,18,0.833,45,19,7,3,24,30,1
10/17/2018,TOR,116,92,0.489,33,0.424,20,0.6,43,21,6,7,9,29,CLE,104,85,0.4,19,0.368,39,0.744,49,17,4,0,16,25,1
10/17/2018,HOU,112,92,0.424,48,0.333,24,0.75,37,21,8,7,11,22,NOP,131,98,0.531,25,0.4,22,0.773,54,36,8,3,12,25,-1
10/17/2018,SAS,112,93,0.43,25,0.44,29,0.724,52,22,3,4,12,22,MIN,108,91,0.429,19,0.316,27,0.889,46,20,9,2,11,27,1
10/17/2018,SAC,117,95,0.516,19,0.368,18,0.667,37,17,8,3,9,17,UTA,123,79,0.519,27,0.481,38,0.737,44,21,8,4,17,19,-1
10/17/2018,LAC,98,88,0.398,28,0.286,24,0.833,47,21,3,9,12,32,DEN,107,87,0.379,24,0.333,42,0.786,56,20,6,9,10,22,-1
10/17/2018,PHX,121,81,0.543,34,0.559,16,0.875,44,35,5,2,11,22,DAL,100,88,0.432,33,0.303,20,0.7,38,28,7,5,9,16,1
10/18/2018,PHI,127,93,0.473,36,0.333,30,0.9,55,30,10,8,13,17,CHI,108,101,0.436,33,0.333,12,0.75,39,28,4,6,12,23,1
10/18/2018,WAS,112,81,0.469,26,0.269,39,0.744,40,19,7,15,14,31,MIA,113,97,0.392,35,0.343,34,0.735,55,25,6,5,16,26,-1
10/18/2018,POR,128,100,0.44,37,0.351,29,0.931,54,21,9,10,16,26,LAL,119,93,0.484,30,0.233,29,0.759,46,23,10,6,15,26,1
10/19/2018,ORL,88,94,0.383,31,0.194,14,0.714,44,18,8,7,15,16,CHA,120,92,0.467,38,0.447,20,0.85,55,32,6,4,15,17,-1
10/19/2018,BKN,107,75,0.493,30,0.4,24,0.875,55,22,2,6,22,23,NYK,105,97,0.402,28,0.321,20,0.9,36,14,10,1,3,19,1
10/19/2018,MEM,131,81,0.543,26,0.5,43,0.698,41,32,9,4,16,29,ATL,117,83,0.494,30,0.467,36,0.583,40,27,9,5,19,31,1
10/19/2018,MIN,131,87,0.506,25,0.4,35,0.943,40,28,9,7,13,21,CLE,123,93,0.484,23,0.348,29,0.862,43,26,5,2,14,24,1
10/19/2018,NOP,149,95,0.589,31,0.516,33,0.636,52,35,6,4,16,25,SAC,129,96,0.521,25,0.4,26,0.731,39,24,6,2,13,26,1
10/19/2018,TOR,113,92,0.467,35,0.371,19,0.737,49,24,3,3,12,19,BOS,101,99,0.404,36,0.389,10,0.7,49,29,4,6,14,27,1
10/19/2018,MIL,118,93,0.473,46,0.37,21,0.619,50,27,9,8,17,26,IND,101,87,0.437,18,0.333,27,0.704,41,14,7,3,17,25,1
10/19/2018,LAC,108,81,0.432,26,0.423,36,0.75,48,21,3,3,14,24,OKC,92,95,0.358,33,0.212,23,0.739,52,18,5,4,12,29,1
10/19/2018,UTA,123,89,0.449,46,0.413,29,0.828,38,24,11,4,16,19,GSW,124,87,0.563,19,0.526,18,0.889,43,27,10,6,16,23,-1
10/20/2018,IND,132,92,0.554,24,0.667,22,0.636,40,21,12,5,10,18,BKN,112,86,0.477,37,0.432,22,0.636,40,25,6,6,20,18,1
10/20/2018,WAS,113,89,0.416,39,0.333,32,0.813,37,20,11,9,11,27,TOR,117,88,0.443,29,0.345,36,0.806,52,21,5,5,17,29,-1
10/20/2018,NYK,101,87,0.414,35,0.343,27,0.63,46,23,8,1,16,25,BOS,103,82,0.402,25,0.36,33,0.848,47,21,8,2,15,26,-1
10/20/2018,PHI,116,94,0.479,33,0.515,10,0.9,46,33,8,3,10,21,ORL,115,90,0.456,29,0.552,22,0.773,49,31,7,7,14,15,1
10/20/2018,CHI,116,87,0.506,21,0.333,26,0.808,41,26,4,3,11,20,DET,118,101,0.406,40,0.45,23,0.783,49,21,4,4,9,23,-1
10/20/2018,MIA,112,89,0.461,34,0.324,27,0.704,49,21,4,11,15,27,CHA,113,93,0.441,42,0.381,23,0.652,40,23,6,12,11,27,-1
10/20/2018,DAL,140,98,0.5,50,0.34,34,0.735,42,29,8,8,16,28,MIN,136,84,0.524,27,0.519,40,0.85,33,23,10,3,17,30,1
10/20/2018,DEN,119,85,0.506,28,0.321,29,0.828,54,28,12,6,18,31,PHX,91,77,0.377,39,0.282,35,0.629,40,20,6,4,19,26,1
10/20/2018,POR,121,84,0.536,32,0.469,19,0.842,46,24,5,3,12,14,SAS,108,100,0.42,30,0.433,14,0.786,40,29,5,4,6,17,1
10/20/2018,LAL,115,100,0.48,32,0.25,18,0.611,44,28,8,10,10,21,HOU,124,96,0.458,42,0.381,30,0.667,54,22,7,4,16,21,-1
10/21/2018,CLE,111,99,0.465,27,0.37,14,0.643,49,23,5,2,18,25,ATL,133,98,0.49,47,0.468,19,0.789,44,32,9,7,12,21,-1
10/21/2018,OKC,120,104,0.442,39,0.231,30,0.633,51,23,11,9,18,29,SAC,131,91,0.549,22,0.455,28,0.75,46,28,11,7,17,26,-1
10/21/2018,DEN,100,86,0.407,32,0.188,42,0.571,47,21,11,4,8,22,GSW,98,79,0.456,29,0.241,24,0.792,40,22,4,6,18,29,1
10/21/2018,LAC,115,89,0.472,25,0.2,26,1,49,22,8,7,13,16,HOU,112,89,0.483,35,0.429,15,0.733,35,28,6,6,12,23,1
10/22/2018,BOS,90,91,0.407,40,0.225,9,0.778,51,21,6,3,12,15,ORL,93,93,0.409,35,0.286,10,0.7,49,28,6,2,9,15,-1
10/22/2018,TOR,127,87,0.575,39,0.385,15,0.857,46,36,10,8,13,21,CHA,106,97,0.423,28,0.321,18,0.833,41,21,5,5,12,14,1
10/22/2018,MIL,124,96,0.469,40,0.425,24,0.708,55,29,5,9,14,18,NYK,113,99,0.455,29,0.345,15,0.867,43,22,6,2,11,21,1
10/22/2018,MIN,101,85,0.424,33,0.212,24,0.917,47,24,9,12,15,17,IND,91,92,0.361,26,0.308,16,0.688,45,18,6,6,15,24,1
10/22/2018,DAL,115,93,0.43,47,0.319,21,0.952,41,25,8,2,15,16,CHI,109,80,0.513,23,0.565,21,0.667,34,18,6,4,19,29,1
10/22/2018,UTA,84,82,0.354,32,0.25,23,0.783,50,18,6,6,15,22,MEM,92,84,0.369,28,0.321,26,0.808,43,18,10,2,10,22,-1
10/22/2018,POR,124,108,0.398,39,0.282,31,0.871,70,22,6,4,19,22,WAS,125,110,0.418,37,0.405,26,0.692,54,23,6,7,10,27,-1
10/22/2018,GSW,123,88,0.511,37,0.378,26,0.731,40,35,12,4,14,24,PHX,103,86,0.453,34,0.265,18,0.889,45,24,8,1,21,21,1
10/22/2018,LAL,142,107,0.514,39,0.359,26,0.692,52,33,5,6,15,29,SAS,143,97,0.515,28,0.536,38,0.737,47,32,9,3,9,26,-1
10/23/2018,DET,133,108,0.472,33,0.364,27,0.704,46,22,4,4,8,24,PHI,132,98,0.5,43,0.326,28,0.714,48,32,3,8,11,24,1
10/23/2018,NOP,116,93,0.43,24,0.25,40,0.75,48,22,12,8,8,24,LAC,116,87,0.471,20,0.25,27,0.815,47,18,5,4,16,26,1
10/23/2018,DEN,126,99,0.515,30,0.367,15,0.867,49,31,11,3,12,22,SAC,112,86,0.523,31,0.419,20,0.45,39,29,7,6,16,17,1
10/24/2018,ATL,111,91,0.407,38,0.395,31,0.71,54,28,6,6,15,26,DAL,104,91,0.418,40,0.3,26,0.615,52,25,7,9,17,27,1
10/24/2018,CLE,86,89,0.382,18,0.167,16,0.938,53,18,5,2,15,19,BKN,102,87,0.437,34,0.412,15,0.8,44,23,8,1,14,16,-1
10/24/2018,MIA,110,82,0.476,29,0.448,28,0.679,51,24,7,5,13,15,NYK,87,91,0.363,33,0.364,14,0.643,45,20,5,3,12,23,1
10/24/2018,TOR,112,89,0.517,32,0.344,12,0.75,44,26,9,8,16,18,MIN,105,96,0.417,30,0.5,16,0.625,44,25,10,5,15,17,1
10/24/2018,CHI,112,77,0.481,29,0.345,35,0.8,45,21,4,5,14,24,CHA,110,85,0.435,35,0.286,29,0.897,36,23,5,5,6,20,1
10/24/2018,HOU,89,87,0.402,40,0.275,14,0.571,35,16,12,5,15,23,UTA,100,78,0.436,29,0.345,28,0.786,47,21,7,5,18,21,-1
10/24/2018,SAS,96,87,0.402,19,0.316,21,0.952,46,16,3,3,13,16,IND,116,87,0.529,32,0.531,8,0.875,40,34,9,5,10,22,-1
10/24/2018,MIL,123,100,0.41,43,0.302,30,0.933,51,24,7,10,11,27,PHI,108,92,0.413,34,0.324,30,0.7,50,29,4,5,16,21,1
10/24/2018,PHX,113,84,0.524,31,0.323,21,0.714,44,27,4,4,19,23,LAL,131,100,0.52,28,0.357,23,0.739,43,34,13,5,8,19,-1
10/24/2018,SAC,97,83,0.422,18,0.333,33,0.636,57,19,7,5,14,15,MEM,92,94,0.383,37,0.27,13,0.769,49,18,7,6,15,25,1
10/24/2018,GSW,144,92,0.576,33,0.455,25,0.92,48,37,6,5,15,22,WAS,122,93,0.452,42,0.286,28,0.929,34,22,7,1,12,24,1
10/25/2018,DET,110,78,0.526,28,0.393,29,0.586,48,21,4,5,20,21,CLE,103,89,0.461,24,0.333,15,0.867,30,18,11,1,9,25,1
10/25/2018,ORL,114,86,0.5,30,0.4,20,0.8,40,29,5,7,14,21,POR,128,87,0.552,27,0.407,26,0.808,44,24,6,6,10,22,-1
10/25/2018,OKC,95,94,0.394,28,0.25,25,0.56,57,19,5,6,16,27,BOS,101,86,0.384,32,0.344,33,0.727,45,17,7,1,11,27,-1
10/25/2018,LAL,121,92,0.5,29,0.345,23,0.826,42,27,13,3,13,19,DEN,114,92,0.5,23,0.261,20,0.8,44,22,8,5,19,22,1
10/26/2018,CHA,135,93,0.57,32,0.438,16,0.938,50,30,10,10,10,18,CHI,106,85,0.435,36,0.444,22,0.727,34,21,5,7,13,16,1
10/26/2018,NYK,100,90,0.433,39,0.333,12,0.75,40,17,6,1,19,18,GSW,128,87,0.586,33,0.485,12,0.833,39,26,10,6,14,16,-1
10/26/2018,TOR,116,91,0.484,27,0.307,20,0.85,50,23,10,5,12,22,DAL,107,92,0.413,30,0.4,24,0.792,44,22,6,6,14,17,1
10/26/2018,HOU,113,98,0.388,41,0.366,25,0.88,42,21,11,7,13,27,LAC,133,79,0.544,23,0.522,38,0.921,44,17,8,4,15,21,-1
10/26/2018,MIN,95,112,0.321,43,0.233,18,0.722,49,19,10,6,7,15,MIL,125,92,0.533,46,0.423,11,0.727,62,32,4,8,17,23,-1
10/26/2018,NOP,117,98,0.449,23,0.391,26,0.769,46,23,11,11,11,20,BKN,115,98,0.439,40,0.475,15,0.667,54,26,6,8,18,22,1
10/26/2018,SAC,116,95,0.463,37,0.378,23,0.609,53,25,8,4,18,18,WAS,112,86,0.465,42,0.333,23,0.783,42,22,8,7,21,27,1
10/27/2018,DET,89,89,0.371,37,0.189,20,0.8,47,16,4,3,11,24,BOS,109,86,0.453,34,0.412,25,0.68,54,25,4,8,13,26,-1
10/27/2018,NOP,111,95,0.421,34,0.265,29,0.759,40,22,4,5,16,32,UTA,132,88,0.523,32,0.313,37,0.811,43,32,7,7,13,26,-1
10/27/2018,ATL,85,84,0.321,40,0.3,23,0.826,48,20,9,8,22,13,CHI,97,83,0.434,33,0.364,16,0.813,52,25,14,6,20,21,-1
10/27/2018,CLE,107,86,0.465,25,0.28,22,0.909,39,21,9,2,15,20,IND,119,74,0.649,13,0.385,26,0.692,24,28,13,3,15,15,-1
10/27/2018,PHI,105,91,0.385,28,0.357,30,0.833,56,18,4,8,11,23,CHA,103,95,0.389,35,0.257,24,0.833,48,19,3,8,9,25,1
10/27/2018,MEM,117,79,0.557,26,0.346,22,0.909,39,30,12,1,12,21,PHX,96,78,0.462,33,0.273,19,0.789,35,28,5,1,19,25,1
10/27/2018,MIA,120,96,0.458,39,0.385,26,0.654,56,21,7,8,12,21,POR,111,88,0.42,33,0.364,28,0.893,42,14,7,8,9,25,1
10/27/2018,MIL,113,82,0.5,30,0.333,23,0.913,57,24,6,7,21,19,ORL,91,101,0.327,43,0.233,17,0.882,41,21,9,6,11,22,1
10/27/2018,SAS,110,91,0.484,16,0.188,24,0.792,49,20,7,5,13,17,LAL,106,86,0.477,33,0.394,18,0.611,42,19,5,5,17,25,1
10/28/2018,BKN,114,87,0.483,42,0.476,15,0.667,37,28,5,3,15,20,GSW,120,89,0.494,33,0.333,24,0.875,47,28,11,7,12,16,-1
10/28/2018,DAL,104,91,0.418,28,0.321,25,0.76,43,24,6,3,13,19,UTA,113,80,0.525,25,0.4,22,0.864,43,25,8,6,18,27,-1
10/28/2018,OKC,117,85,0.506,24,0.292,35,0.686,43,22,16,3,15,24,PHX,110,86,0.442,27,0.296,27,0.963,44,21,10,3,22,32,1
10/28/2018,LAC,136,103,0.544,29,0.552,13,0.615,57,35,7,9,14,25,WAS,104,97,0.392,27,0.185,28,0.821,45,18,7,3,14,16,1
10/29/2018,IND,93,90,0.411,19,0.316,20,0.65,35,19,8,5,8,20,POR,103,78,0.487,26,0.385,18,0.944,50,19,3,3,18,23,-1
10/29/2018,PHI,113,99,0.414,47,0.298,18,0.944,64,33,7,9,19,22,ATL,92,94,0.372,37,0.216,21,0.667,47,20,10,3,13,18,1
10/29/2018,MIA,113,92,0.423,39,0.333,34,0.706,52,20,10,9,18,21,SAC,123,97,0.495,26,0.462,25,0.6,46,28,8,8,12,23,-1
10/29/2018,NYK,115,92,0.489,24,0.375,18,0.889,53,21,5,3,13,21,BKN,96,84,0.405,38,0.289,22,0.773,32,22,6,7,10,20,1
10/29/2018,CHI,124,94,0.489,35,0.314,34,0.618,44,24,6,3,9,19,GSW,149,96,0.552,45,0.533,26,0.731,49,34,9,7,7,29,-1
10/29/2018,MIL,124,92,0.489,45,0.422,19,0.789,57,28,5,4,17,21,TOR,109,103,0.379,45,0.2,28,0.786,51,25,9,7,10,19,1
10/29/2018,MIN,124,98,0.429,29,0.483,30,0.867,51,26,11,12,14,14,LAL,120,104,0.471,22,0.364,15,0.667,48,24,8,8,18,24,1
10/29/2018,SAS,113,92,0.462,20,0.45,21,0.952,41,27,17,2,17,19,DAL,108,91,0.473,34,0.294,17,0.706,49,15,9,3,22,21,1
10/29/2018,DEN,116,93,0.452,35,0.314,23,0.913,41,28,14,5,13,17,NOP,111,82,0.524,24,0.458,20,0.7,44,28,8,5,22,25,1
10/30/2018,CHA,125,81,0.543,28,0.464,29,0.828,39,27,7,5,14,26,MIA,113,87,0.471,28,0.393,24,0.833,34,25,9,5,15,26,1
10/30/2018,CLE,136,90,0.5,25,0.52,43,0.767,48,23,13,1,13,20,ATL,114,82,0.537,35,0.429,17,0.647,39,25,6,8,22,29,1
10/30/2018,ORL,99,91,0.396,43,0.256,22,0.727,48,28,10,8,16,22,SAC,107,84,0.488,22,0.364,26,0.654,51,22,8,6,15,20,-1
10/30/2018,BOS,108,84,0.44,31,0.29,32,0.781,46,25,8,4,14,20,DET,105,88,0.42,30,0.267,27,0.852,50,17,6,3,17,28,1
10/30/2018,TOR,129,92,0.511,27,0.407,28,0.857,43,29,13,6,15,26,PHI,112,91,0.418,40,0.35,30,0.733,47,25,7,5,23,24,1
10/30/2018,HOU,85,96,0.323,43,0.233,23,0.565,49,18,7,9,11,25,POR,104,80,0.475,20,0.4,23,0.87,51,17,4,4,17,19,-1
10/30/2018,MEM,107,74,0.486,28,0.464,31,0.71,38,28,16,3,15,20,WAS,95,74,0.432,35,0.4,20,0.85,37,24,9,7,20,22,1
10/30/2018,OKC,128,94,0.511,17,0.529,32,0.719,41,19,16,6,15,35,LAC,110,74,0.473,20,0.35,43,0.767,38,18,6,7,24,26,1
10/31/2018,BKN,120,101,0.426,38,0.316,30,0.733,55,26,5,3,16,33,DET,119,93,0.419,34,0.324,39,0.769,55,16,8,6,16,30,1
10/31/2018,CHI,107,92,0.424,34,0.471,18,0.722,43,27,7,6,13,23,DEN,108,99,0.455,26,0.269,18,0.611,56,24,7,9,16,16,-1
10/31/2018,MIN,128,86,0.581,25,0.48,24,0.667,41,19,10,8,15,28,UTA,125,97,0.485,30,0.433,30,0.6,48,25,9,5,14,22,1
10/31/2018,NYK,101,79,0.43,25,0.48,24,0.875,35,18,6,6,17,19,IND,107,83,0.542,20,0.3,17,0.647,41,24,10,10,15,19,-1
10/31/2018,GSW,131,89,0.528,32,0.5,30,0.7,46,39,10,4,17,24,NOP,121,92,0.478,35,0.343,27,0.778,42,24,8,2,15,26,1
10/31/2018,LAL,114,84,0.512,17,0.588,24,0.75,39,23,12,6,20,27,DAL,113,86,0.5,29,0.448,19,0.737,40,24,5,5,23,24,1
10/31/2018,PHX,90,90,0.389,24,0.25,18,0.778,35,21,10,3,15,26,SAS,120,83,0.554,18,0.222,26,0.923,47,24,7,6,14,15,-1
11/01/2018,CHA,107,93,0.49,41,0.268,22,0.909,51,26,7,3,17,26,OKC,111,96,0.427,37,0.216,29,0.724,49,20,12,9,10,21,-1
11/01/2018,CLE,91,83,0.41,18,0.278,19,0.947,35,18,11,4,13,22,DEN,110,85,0.482,26,0.385,21,0.857,44,22,8,7,12,18,-1
11/01/2018,PHI,122,93,0.473,27,0.481,28,0.75,43,29,7,7,14,30,LAC,113,86,0.442,23,0.391,33,0.848,42,19,6,7,18,28,1
11/01/2018,ATL,115,87,0.483,31,0.258,34,0.676,43,26,6,6,22,28,SAC,146,98,0.541,35,0.4,32,0.813,46,38,14,3,14,29,-1
11/01/2018,BOS,117,92,0.446,55,0.436,13,0.846,42,30,5,8,12,23,MIL,113,85,0.482,29,0.31,30,0.733,45,20,8,3,14,20,1
11/01/2018,POR,132,87,0.506,35,0.514,31,0.839,46,26,4,4,14,30,NOP,119,94,0.426,29,0.276,37,0.838,44,23,7,3,12,24,1
11/02/2018,ORL,95,90,0.444,17,0.235,19,0.579,40,20,7,4,10,24,LAC,120,86,0.477,26,0.5,33,0.758,50,22,5,3,13,23,-1
11/02/2018,BKN,111,85,0.494,34,0.441,20,0.6,38,22,5,4,10,28,HOU,119,83,0.494,39,0.385,32,0.688,41,22,4,10,9,21,-1
11/02/2018,CHI,105,89,0.472,31,0.419,9,0.889,43,33,2,7,14,20,IND,107,85,0.471,26,0.269,22,0.909,42,21,8,9,11,13,-1
11/02/2018,WAS,111,86,0.512,30,0.3,18,0.778,30,27,6,4,18,21,OKC,134,86,0.57,32,0.469,26,0.808,38,34,13,5,13,20,-1
11/02/2018,DAL,106,81,0.494,29,0.379,24,0.625,40,22,6,1,18,28,NYK,118,84,0.548,29,0.241,26,0.731,40,26,13,4,12,24,-1
11/02/2018,UTA,100,77,0.468,36,0.389,25,0.56,39,21,3,5,1,25,MEM,110,75,0.507,26,0.5,34,0.618,39,23,9,3,11,29,-1
11/02/2018,PHX,98,91,0.44,26,0.308,18,0.556,49,20,3,4,15,18,TOR,107,81,0.506,33,0.364,21,0.619,39,29,11,10,13,23,-1
11/02/2018,GSW,116,88,0.489,34,0.382,22,0.773,61,31,3,9,16,16,MIN,99,101,0.376,45,0.289,14,0.714,39,25,8,4,5,16,1
11/03/2018,PHI,109,69,0.406,29,0.31,51,0.863,45,21,11,3,17,31,DET,99,83,0.398,30,0.167,41,0.683,44,16,8,3,17,32,1
11/03/2018,CHA,126,91,0.571,30,0.333,13,0.923,50,29,3,7,15,17,CLE,94,81,0.432,26,0.385,15,0.933,26,22,10,2,13,20,1
11/03/2018,IND,102,86,0.419,32,0.344,25,0.76,45,23,10,2,13,16,BOS,101,88,0.432,46,0.413,9,0.667,45,23,6,8,14,20,1
11/03/2018,ATL,123,88,0.523,32,0.406,23,0.783,37,33,11,7,16,21,MIA,118,85,0.482,40,0.4,26,0.769,41,27,6,6,17,20,1
11/03/2018,CHI,88,71,0.394,23,0.261,27,0.963,37,15,13,4,19,18,HOU,96,83,0.422,42,0.31,20,0.65,45,21,13,5,18,22,-1
11/03/2018,SAS,109,96,0.469,23,0.348,14,0.786,43,29,8,4,9,21,NOP,95,77,0.468,21,0.286,30,0.567,48,22,3,8,16,21,1
11/03/2018,DEN,103,83,0.494,28,0.321,19,0.632,48,32,8,0,17,26,UTA,88,81,0.407,31,0.194,24,0.667,40,22,12,7,12,21,1
11/03/2018,POR,110,104,0.423,35,0.171,22,0.727,50,20,10,5,14,21,LAL,114,86,0.523,21,0.381,25,0.64,50,20,9,11,20,22,-1
11/04/2018,MIL,144,95,0.484,56,0.393,33,0.909,56,30,6,7,12,20,SAC,109,95,0.442,36,0.389,22,0.5,44,24,6,4,15,26,1
11/04/2018,BKN,122,105,0.476,28,0.321,18,0.722,38,27,11,3,9,28,PHI,97,65,0.477,20,0.2,41,0.756,46,16,6,1,27,21,1
11/04/2018,WAS,108,83,0.434,26,0.231,39,0.769,47,21,12,11,13,18,NYK,95,93,0.419,27,0.185,16,0.75,51,19,5,5,18,28,1
11/04/2018,SAS,110,88,0.432,35,0.343,25,0.88,43,25,3,5,11,21,ORL,117,91,0.505,32,0.375,18,0.722,43,29,7,4,8,22,-1
11/04/2018,PHX,102,64,0.516,32,0.438,26,0.846,37,25,7,3,24,27,MEM,100,76,0.474,23,0.304,29,0.724,30,19,13,3,13,21,1
11/04/2018,POR,111,86,0.442,28,0.25,32,0.875,66,15,7,1,16,20,MIN,81,93,0.312,30,0.233,21,0.762,38,18,9,4,11,21,1
11/04/2018,LAL,107,85,0.459,24,0.25,29,0.793,38,25,6,4,16,18,TOR,121,98,0.5,35,0.286,14,0.929,49,32,9,4,12,24,-1
11/05/2018,DET,115,105,0.41,35,0.314,28,0.643,60,27,8,3,19,30,MIA,120,98,0.449,31,0.387,31,0.645,50,24,10,8,17,26,-1
11/05/2018,IND,94,75,0.44,28,0.286,31,0.667,39,17,8,3,15,15,HOU,98,76,0.447,47,0.319,16,0.938,39,23,9,6,16,24,-1
11/05/2018,ORL,102,87,0.448,34,0.324,15,0.867,40,22,11,5,15,16,CLE,100,80,0.513,23,0.435,12,0.667,42,20,8,2,18,17,1
11/05/2018,NYK,115,106,0.387,26,0.269,29,0.897,62,20,7,6,17,27,CHI,116,95,0.453,30,0.267,30,0.733,48,15,9,9,19,22,-1
11/05/2018,OKC,122,93,0.484,27,0.37,31,0.71,41,26,15,3,12,23,NOP,116,84,0.488,29,0.31,30,0.833,45,27,8,5,20,26,1
11/05/2018,DEN,115,90,0.456,34,0.382,28,0.714,47,25,5,4,13,14,BOS,107,87,0.506,31,0.29,12,0.833,40,22,9,9,12,21,1
11/05/2018,UTA,111,86,0.442,31,0.258,41,0.659,40,29,10,4,12,19,TOR,124,86,0.57,33,0.394,14,0.929,43,21,9,3,14,28,-1
11/05/2018,GSW,117,81,0.506,24,0.542,23,0.957,46,29,4,4,13,25,MEM,101,83,0.458,27,0.333,21,0.762,30,31,8,8,10,19,1
11/05/2018,LAC,120,88,0.489,31,0.452,22,0.909,43,30,5,4,12,27,MIN,109,85,0.471,21,0.238,30,0.8,38,20,9,8,11,23,1
11/06/2018,CHA,113,92,0.489,31,0.419,18,0.556,43,27,9,4,21,16,ATL,102,85,0.482,30,0.2,18,0.778,37,22,13,9,22,18,1
11/06/2018,DAL,119,82,0.476,34,0.441,27,0.963,50,25,4,6,17,22,WAS,100,87,0.425,35,0.314,20,0.75,32,27,8,6,10,24,1
11/06/2018,PHX,82,81,0.346,25,0.36,20,0.85,49,16,4,3,20,20,BKN,104,92,0.446,36,0.25,19,0.684,52,22,9,5,10,22,-1
11/06/2018,POR,118,91,0.527,43,0.395,8,0.625,51,23,7,3,12,17,POR,103,92,0.435,42,0.381,8,0.875,42,26,2,1,11,16,1
11/07/2018,CLE,86,89,0.371,31,0.29,13,0.846,51,17,3,4,19,26,OKC,95,84,0.417,27,0.259,26,0.692,44,10,13,9,12,23,-1
11/07/2018,ORL,96,87,0.46,27,0.333,9,0.778,40,2810,10,8,20,19,DET,103,90,0.411,37,0.297,20,0.9,50,21,13,1,19,15,-1
11/07/2018,ATL,107,92,0.402,38,0.289,29,0.759,45,26,5,9,17,30,NYK,112,77,0.442,30,0.367,47,0.702,48,15,8,7,16,30,-1
11/07/2018,MIA,95,93,0.387,32,0.313,18,0.722,60,21,8,11,13,17,SAS,88,94,0.33,32,0.406,14,0.929,49,19,8,5,12,19,1
11/07/2018,IND,94,94,0.394,31,0.258,17,0.706,41,19,9,6,9,21,PHI,100,79,0.456,32,0.313,22,0.818,43,24,7,8,16,18,-1
11/07/2018,MEM,89,70,0.429,21,0.381,25,0.84,36,19,7,7,17,22,DEN,87,82,0.39,32,0.25,19,0.789,41,19,9,3,16,22,1
11/07/2018,NOP,107,94,0.447,30,0.367,17,0.706,55,32,5,10,15,18,CHI,98,96,0.396,31,0.29,17,0.765,46,18,9,7,11,16,1
11/07/2018,UTA,117,89,0.483,37,0.351,26,0.692,35,31,12,10,11,32,DAL,102,73,0.397,24,0.333,40,0.9,49,14,3,4,24,27,1
11/07/2018,SAC,105,88,0.477,23,0.348,18,0.722,31,27,10,5,15,26,TOR,114,89,0.461,36,0.306,23,0.913,53,17,10,4,20,20,-1
11/07/2018,LAL,114,91,0.484,34,0.441,14,0.786,47,32,6,4,16,14,MIN,110,91,0.451,40,0.5,9,0.889,40,22,10,5,15,17,1
11/08/2018,OKC,98,81,0.444,37,0.243,24,0.708,52,18,10,4,14,16,HOU,80,82,0.378,42,0.262,10,0.7,39,16,9,3,16,26,1
11/08/2018,PHX,109,93,0.441,35,0.314,19,0.842,42,25,10,6,15,23,BOS,116,97,0.402,37,0.378,31,0.774,56,21,6,6,16,18,-1
11/08/2018,POR,116,97,0.412,26,0.385,28,0.929,53,18,4,8,6,20,LAC,105,89,0.461,23,0.348,20,0.75,41,19,2,10,7,22,1
11/08/2018,GSW,111,87,0.483,28,0.357,22,0.773,38,31,5,6,18,22,MIL,134,101,0.515,35,0.257,27,0.778,46,33,11,7,12,23,-1
11/09/2018,ORL,117,86,0.512,31,0.419,19,0.842,41,26,8,6,15,18,WAS,108,82,0.512,27,0.407,19,0.684,35,24,8,3,18,18,1
11/09/2018,PHI,133,94,0.479,37,0.324,41,0.756,59,33,3,15,16,33,CHA,132,110,0.391,40,0.4,40,0.75,49,25,10,5,4,33,1
11/09/2018,ATL,109,79,0.456,28,0.25,40,0.75,53,17,6,2,16,21,DET,124,97,0.474,47,0.426,19,0.632,44,30,10,6,10,31,-1
11/09/2018,MIA,102,80,0.45,27,0.519,27,0.593,38,27,6,6,23,27,IND,110,79,0.544,20,0.35,29,0.586,39,20,10,5,18,26,-1
11/09/2018,DEN,110,87,0.46,18,0.278,34,0.735,54,20,3,5,12,28,BKN,112,88,0.409,33,0.364,42,0.667,42,21,7,9,8,24,-1
11/09/2018,UTA,123,77,0.558,34,0.382,30,0.8,45,29,4,4,16,21,BOS,115,88,0.443,43,0.395,22,0.909,28,31,11,3,8,20,1
11/09/2018,SAC,121,95,0.453,32,0.375,29,0.793,49,25,7,6,12,29,MIN,110,94,0.415,25,0.28,31,0.806,52,20,6,1,17,23,1
11/10/2018,TOR,128,79,0.532,35,0.4,40,0.75,46,24,8,4,15,20,NYK,112,96,0.458,22,0.273,22,0.818,47,18,12,6,14,26,1
11/10/2018,LAC,128,99,0.465,34,0.412,27,0.815,54,26,6,6,17,19,MIL,126,105,0.448,46,0.348,23,0.696,52,31,11,8,17,26,1
11/10/2018,NOP,119,86,0.488,25,0.44,29,0.828,54,28,7,7,18,18,PHX,99,86,0.407,36,0.278,20,0.95,37,16,10,7,14,27,1
11/10/2018,CHI,99,82,0.476,18,0.389,21,0.667,38,20,7,5,11,19,CLE,98,91,0.429,21,0.381,18,0.667,53,15,5,6,12,17,1
11/10/2018,MEM,112,103,0.437,30,0.367,15,0.733,45,16,9,3,11,18,PHI,106,85,0.518,31,0.258,16,0.625,48,27,10,6,23,20,1
11/10/2018,MIA,110,88,0.443,33,0.364,26,0.769,38,25,5,5,19,31,WAS,116,83,0.482,22,0.364,38,0.737,48,14,8,5,15,25,-1
11/10/2018,GSW,116,83,0.554,16,0.438,21,0.81,36,27,9,7,10,24,BKN,100,77,0.468,24,0.292,29,0.724,41,20,7,2,14,22,1
11/10/2018,SAS,96,74,0.446,20,0.5,27,0.741,46,17,3,5,15,20,HOU,89,90,0.333,41,0.22,29,0.69,49,11,10,5,8,24,1
11/10/2018,DAL,111,77,0.558,29,0.483,17,0.647,38,31,9,5,16,23,OKC,96,97,0.392,34,0.265,18,0.611,53,17,9,2,16,19,1
11/10/2018,SAC,86,92,0.348,25,0.24,20,0.8,50,11,7,5,19,20,LAL,101,99,0.414,38,0.316,17,0.412,59,23,11,3,14,20,-1
11/11/2018,DET,103,104,0.365,44,0.273,19,0.789,51,21,5,4,10,18,CHA,113,85,0.506,28,0.393,18,0.889,46,24,6,8,12,26,-1
11/11/2018,HOU,115,74,0.486,47,0.426,32,0.719,38,18,6,5,15,22,IND,103,78,0.462,29,0.379,26,0.769,35,24,10,6,13,22,1
11/11/2018,NYK,89,88,0.352,28,0.179,30,0.733,54,13,4,15,19,21,ORL,115,98,0.449,42,0.405,11,0.909,52,31,10,9,11,21,-1
11/11/2018,DEN,114,89,0.461,38,0.474,20,0.7,39,27,8,5,10,16,MIL,121,84,0.571,34,0.5,13,0.615,41,27,10,7,12,17,-1
11/11/2018,POR,100,86,0.453,36,0.389,10,0.8,55,22,4,2,21,14,BOS,94,93,0.387,42,0.333,10,0.8,42,19,11,5,12,16,1
11/11/2018,LAL,107,92,0.424,38,0.368,24,0.625,48,28,12,9,22,23,ATL,106,95,0.432,37,0.351,13,0.846,44,25,11,4,17,23,1
11/12/2018,WAS,117,79,0.506,33,0.394,33,0.727,41,24,8,7,10,17,ORL,109,89,0.483,30,0.5,11,0.727,34,28,5,6,12,28,1
11/12/2018,MIA,114,77,0.481,31,0.419,33,0.818,40,19,5,6,15,30,PHI,124,83,0.47,36,0.417,39,0.795,42,24,5,0,9,24,-1
11/12/2018,TOR,110,97,0.402,45,0.289,22,0.864,43,22,9,5,10,20,NOP,126,99,0.545,27,0.37,13,0.615,54,30,2,4,13,20,-1
11/12/2018,CHI,98,89,0.393,33,0.242,22,0.909,45,16,11,3,17,26,DAL,103,79,0.468,33,0.303,29,0.655,49,18,11,7,19,22,-1
11/12/2018,MEM,88,79,0.418,24,0.167,23,0.783,42,19,7,9,16,28,UTA,96,82,0.39,32,0.281,30,0.767,49,19,7,6,15,25,-1
11/12/2018,MIN,120,80,0.525,23,0.435,31,0.839,52,26,8,6,23,17,BKN,113,101,0.396,50,0.36,22,0.682,42,28,10,2,13,29,1
11/12/2018,OKC,118,92,0.467,27,0.481,20,0.95,42,23,12,6,13,15,PHX,101,81,0.481,26,0.269,19,0.842,37,25,5,5,18,21,1
11/12/2018,SAC,104,86,0.5,24,0.458,12,0.583,45,27,12,3,12,20,SAS,99,87,0.437,31,0.323,16,0.813,43,25,5,4,15,12,1
11/12/2018,LAC,121,91,0.473,20,0.25,34,0.882,49,23,11,5,15,23,GSW,116,94,0.468,31,0.387,23,0.696,46,27,7,8,17,25,1
11/13/2018,CLE,113,85,0.529,24,0.542,12,0.833,60,23,5,3,19,20,CHA,89,95,0.347,41,0.195,19,0.789,37,22,12,4,9,11,1
11/13/2018,DEN,99,76,0.5,25,0.44,16,0.75,31,27,11,2,16,20,HOU,109,71,0.549,37,0.351,26,0.692,32,23,7,6,14,20,-1
11/13/2018,GSW,110,91,0.429,27,0.444,21,0.952,48,28,8,6,13,20,ATL,103,89,0.449,32,0.375,15,0.733,42,25,9,2,14,18,1
11/14/2018,ORL,111,80,0.5,28,0.429,22,0.864,37,23,7,4,10,21,PHI,106,86,0.477,29,0.483,15,0.667,41,32,2,3,14,21,1
11/14/2018,WAS,119,92,0.478,40,0.325,26,0.692,44,30,17,3,18,25,CLE,95,77,0.455,21,0.19,31,0.677,42,22,12,6,23,23,1
11/14/2018,BOS,111,90,0.467,34,0.441,14,0.857,51,27,12,5,13,12,CHI,82,84,0.393,23,0.304,9,1,47,16,8,3,22,16,1
11/14/2018,BKN,107,101,0.406,28,0.286,24,0.708,46,17,10,2,15,29,MIA,120,85,0.541,29,0.276,28,0.714,47,23,6,6,17,27,-1
11/14/2018,TOR,104,92,0.489,20,0.2,17,0.588,49,23,9,3,20,19,DET,106,91,0.484,33,0.303,13,0.615,39,24,8,5,17,24,-1
11/14/2018,MIL,113,81,0.506,35,0.257,27,0.815,44,22,5,8,16,22,MEM,116,83,0.506,36,0.389,24,0.75,34,24,8,4,12,20,-1
11/14/2018,MIN,107,90,0.411,32,0.438,24,0.792,47,29,14,6,15,22,NOP,100,94,0.426,28,0.321,18,0.611,46,25,7,6,18,21,1
11/14/2018,OKC,128,95,0.537,33,0.485,12,0.833,47,32,11,7,16,21,NYK,103,88,0.443,26,0.269,23,0.783,36,18,8,8,18,17,1
11/14/2018,DAL,118,77,0.584,28,0.429,24,0.667,51,24,12,6,19,19,UTA,68,81,0.309,35,0.171,19,0.632,33,16,11,3,21,21,1
11/14/2018,PHX,116,84,0.56,31,0.484,8,0.875,38,27,9,4,16,23,SAS,96,83,0.422,23,0.304,24,0.792,43,16,7,4,18,12,1
11/14/2018,LAL,126,93,0.473,32,0.469,26,0.885,48,25,11,6,13,18,POR,117,93,0.441,33,0.424,23,0.913,47,24,8,10,14,21,1
11/15/2018,HOU,107,87,0.402,47,0.34,26,0.808,41,20,8,4,5,21,GSW,86,76,0.421,18,0.222,22,0.818,44,18,2,5,16,24,1
11/15/2018,DEN,138,94,0.564,31,0.419,25,0.76,56,34,12,6,15,24,ATL,93,92,0.348,42,0.214,27,0.741,43,20,7,5,19,22,1
11/15/2018,LAC,116,85,0.471,23,0.348,35,0.8,50,23,2,3,12,25,SAS,111,102,0.402,29,0.31,23,0.8,45,19,7,6,5,24,1
11/16/2018,BOS,123,89,0.528,26,0.346,24,0.833,46,25,9,6,18,23,TOR,116,97,0.433,29,0.276,29,0.828,43,20,12,4,13,23,1
11/16/2018,IND,99,81,0.444,27,0.519,15,0.867,47,22,10,6,19,14,MIA,91,93,0.376,36,0.389,10,0.7,51,21,10,5,16,16,1
11/16/2018,PHI,113,81,0.506,23,0.478,32,0.625,41,25,7,5,17,27,UTA,107,88,0.466,22,0.182,37,0.568,39,15,10,4,13,25,1
11/16/2018,WAS,104,87,0.425,18,0.167,34,794,47,18,5,4,13,23,BKN,115,90,0.422,33,0.273,38,0.789,47,19,8,3,11,24,-1
11/16/2018,MEM,112,85,0.506,25,0.44,24,0.625,40,24,11,5,13,23,SAC,104,80,0.463,33,0.364,24,0.75,42,23,9,2,21,24,1
11/16/2018,MIN,112,92,0.5,28,0.429,11,0.727,43,28,11,4,12,16,POR,96,88,0.42,29,0.276,20,0.7,48,16,6,1,18,14,1
11/16/2018,NOP,129,99,0.485,34,0.294,32,0.719,54,27,5,5,15,25,NYK,124,98,0.49,34,0.324,24,0.708,44,15,10,6,13,31,1
11/16/2018,MIL,123,93,0.505,43,0.419,17,0.647,55,28,8,8,16,14,CHI,104,94,0.436,33,0.394,13,0.692,36,22,8,3,12,15,1
11/17/2018,BKN,119,88,0.455,28,0.464,34,0.765,47,25,4,5,11,22,LAC,127,95,0.505,23,0.478,24,0.833,38,23,4,1,8,25,-1
11/17/2018,CHA,119,99,0.424,31,0.323,27,0.926,49,23,10,3,17,29,PHI,122,93,0.419,35,0.314,38,0.868,53,23,9,6,19,24,-1
11/17/2018,IND,97,87,0.402,30,0.4,21,0.714,53,25,11,6,22,26,ATL,89,87,0.356,29,0.276,27,0.704,41,20,15,6,18,24,1
11/17/2018,NOP,125,87,0.483,25,0.4,34,0.912,46,29,6,8,11,18,DEN,115,95,0.484,39,0.385,13,0.615,43,30,5,6,13,23,1
11/17/2018,ORL,130,93,0.538,32,0.344,23,0.826,41,28,5,8,13,23,LAL,117,90,0.478,30,0.333,25,0.84,41,22,5,6,14,20,1
11/17/2018,BOS,86,91,0.385,33,0.152,20,0.55,51,16,11,4,14,22,UTA,98,78,0.449,38,0.289,27,0.63,46,23,11,4,14,23,-1
11/17/2018,CHI,83,86,0.349,27,0.296,21,0.714,34,21,13,3,22,19,TOR,122,89,0.539,35,0.4,13,0.923,54,31,14,10,23,24,-1
11/17/2018,HOU,132,81,0.568,47,0.426,24,0.833,41,27,9,10,22,20,SAC,112,102,0.451,35,0.314,12,0.75,39,23,10,3,14,21,1
11/17/2018,DAL,112,86,0.465,34,0.294,34,0.647,46,18,6,5,10,18,GSW,109,94,0.447,33,0.273,17,0.941,47,24,6,6,12,27,1
11/17/2018,PHX,100,82,0.451,29,0.414,21,0.667,31,25,14,6,14,28,OKC,110,85,0.447,24,0.292,32,0.844,52,17,9,7,18,20,-1
11/18/2018,MIN,87,80,0.388,29,0.414,16,0.813,49,20,8,3,20,20,MEM,100,82,0.427,28,0.429,25,0.72,43,26,11,9,12,20,-1
11/18/2018,MIA,97,87,0.402,32,0.406,19,0.737,48,20,3,5,12,21,LAL,113,95,0.442,27,0.407,21,0.857,50,16,7,5,9,19,-1
11/18/2018,ORL,131,84,0.571,32,0.406,26,0.846,35,35,5,6,15,26,NYK,117,87,0.46,24,0.333,35,0.829,42,12,7,2,14,26,1
11/18/2018,WAS,109,96,0.448,32,0.406,21,0.476,43,28,4,9,11,30,POR,119,86,0.453,30,0.367,35,0.857,5,26,4,3,15,25,-1
11/18/2018,SAS,104,92,0.446,24,0.417,17,0.706,48,24,3,5,10,18,GSW,92,86,0.407,26,0.192,21,0.81,46,20,6,4,11,17,1
11/19/2018,CHA,117,89,0.483,41,0.366,22,0.727,44,18,5,3,13,16,BOS,112,89,0.506,32,0.281,18,0.722,41,31,9,6,12,22,1
11/19/2018,DET,113,89,0.461,38,0.342,19,0.947,50,26,5,4,10,27,CLE,102,79,0.443,21,0.381,34,0.706,36,16,8,3,9,22,1
11/19/2018,IND,121,93,0.527,25,0.48,17,0.647,44,35,13,3,9,17,UTA,94,74,0.486,25,0.44,16,0.688,36,26,6,10,18,18,1
11/19/2018,PHI,119,84,0.488,22,0.273,42,0.738,53,24,8,1,19,27,PHX,114,87,0.506,33,0.394,24,0.542,31,25,9,4,13,34,1
11/19/2018,ATL,119,101,0.446,38,0.316,19,0.895,51,29,6,6,14,38,LAC,127,93,0.43,33,0.303,47,0.787,52,24,9,8,15,22,-1
11/19/2018,MEM,98,79,0.468,30,0.4,14,0.857,45,29,8,11,15,21,DAL,88,88,0.341,32,0.313,21,0.857,43,17,8,4,9,19,1
11/19/2018,MIL,104,88,0.455,36,0.306,22,0.591,51,21,8,3,15,16,DEN,98,94,0.426,41,0.293,9,0.667,43,30,6,4,17,20,1
11/19/2018,NOP,140,102,0.578,26,0.385,14,0.857,42,34,10,5,10,23,SAS,126,94,0.479,24,0.5,30,0.8,44,22,7,0,15,20,1
11/19/2018,SAC,117,102,0.441,38,0.421,17,0.647,59,29,7,4,15,18,OKC,113,108,0.417,41,0.293,16,0.688,53,22,8,3,13,22,1
11/20/2018,ORL,91,84,0.405,30,0.267,19,0.789,49,24,5,4,14,11,TOR,93,87,0.448,34,0.265,8,0.75,43,23,7,5,16,19,-1
11/20/2018,WAS,125,93,0.43,39,0.333,39,0.821,44,27,11,8,7,20,LAC,118,89,0.517,27,0.407,18,0.833,44,20,6,4,17,28,1
11/20/2018,MIA,92,100,0.36,32,0.219,20,0.65,52,18,5,6,14,24,BKN,104,88,0.432,31,0.258,26,0.769,53,17,6,4,11,21,-1
11/20/2018,NYK,114,83,0.506,29,0.448,22,0.773,42,22,8,5,15,15,POR,118,95,0.474,35,0.457,17,0.706,43,25,8,4,11,19,-1
11/21/2018,CHA,127,80,0.563,29,0.621,22,0.864,36,30,7,3,12,15,IND,109,84,0.488,33,0.333,17,0.941,37,26,5,7,14,19,1
11/21/2018,PHI,121,98,0.449,29,0.345,26,0.885,47,27,7,7,16,26,NOP,120,98,0.429,30,0.367,33,0.758,54,24,8,8,15,21,1
11/21/2018,ATL,108,93,0.452,36,0.278,18,0.778,34,24,10,7,9,21,TOR,124,90,0.533,29,0.379,23,0.739,55,33,6,1,17,21,-1
11/21/2018,BOS,109,97,0.392,33,0.303,32,0.719,50,30,10,9,8,16,NYK,117,89,0.494,30,0.5,17,0.824,49,25,3,11,17,24,-1
11/21/2018,CHI,124,81,0.568,25,0.44,24,0.875,39,28,8,2,17,19,PHX,116,98,0.49,34,0.294,10,1,36,28,9,5,13,20,1
11/21/2018,CLE,105,102,0.382,34,0.382,15,0.933,46,18,3,2,3,22,LAL,109,78,0.513,25,0.36,28,0.714,51,23,2,9,15,20,-1
11/21/2018,HOU,126,72,0.556,33,0.394,36,0.917,36,18,8,7,15,25,DET,124,85,0.471,34,0.471,37,0.757,37,20,8,1,16,26,1
11/21/2018,MIL,143,108,0.528,45,0.333,17,0.824,59,34,8,2,14,23,POR,100,93,0.366,41,0.22,28,0.821,40,13,8,6,17,20,1
11/21/2018,MIN,101,79,0.443,32,0.281,26,0.846,40,24,8,3,17,15,DEN,103,89,0.472,35,0.4,6,0.833,40,29,12,4,13,22,-1
11/21/2018,DAL,119,78,0.487,27,0.407,41,0.78,45,21,10,3,13,20,BKN,113,94,0.447,42,0.333,21,0.714,42,23,8,2,14,31,1
11/21/2018,SAS,103,82,0.427,22,0.318,30,0.867,43,21,4,5,8,20,MEM,104,81,0.481,25,0.32,21,0.857,40,21,4,7,9,25,-1
11/21/2018,UTA,110,88,0.432,39,0.308,31,0.71,46,21,7,7,10,21,SAC,119,89,0.528,25,0.44,19,0.737,48,27,5,4,11,30,-1
11/21/2018,GSW,95,83,0.434,29,0.241,24,0.667,42,24,7,10,17,18,OKC,123,106,0.481,35,0.371,15,0.533,61,29,10,5,10,23,-1
11/23/2018,BKN,102,79,0.418,45,0.311,26,0.846,46,26,2,4,18,22,MIN,112,92,0.478,25,0.36,17,0.882,38,25,15,4,7,20,-1
11/23/2018,LAC,112,94,0.426,23,0.348,27,0.889,48,26,6,5,11,23,MEM,107,92,0.457,27,0.333,18,0.778,47,29,6,7,16,29,1
11/23/2018,DET,116,88,0.455,27,0.259,40,0.725,49,18,11,5,13,18,HOU,111,98,0.418,36,0.278,21,0.905,44,22,6,7,14,26,1
11/23/2018,ATL,96,81,0.432,35,0.171,29,0.69,40,22,9,7,20,26,BOS,114,91,0.462,40,0.325,21,0.81,43,31,11,7,16,29,-1
11/23/2018,NYK,114,91,0.451,33,0.364,27,0.741,46,22,9,10,8,26,NOP,109,101,0.396,28,0.25,29,0.759,55,26,5,5,14,22,1
11/23/2018,PHI,112,75,0.533,33,0.364,26,0.769,31,27,5,2,10,20,CLE,121,93,0.527,22,0.5,16,0.75,42,16,7,1,8,25,-1
11/23/2018,TOR,125,93,0.495,39,0.436,19,0.842,50,32,5,6,15,23,WAS,107,100,0.4,46,0.196,19,0.847,44,28,8,7,12,16,1
11/23/2018,CHI,96,94,0.372,28,0.25,20,0.95,51,23,8,6,17,23,MIA,103,87,0.425,34,0.294,31,0.613,48,20,10,11,14,21,-1
11/23/2018,IND,100,99,0.465,24,0.125,9,0.556,45,31,9,2,12,22,SAS,111,83,0.506,21,0.476,24,0.708,46,28,3,4,15,19,-1
11/23/2018,OKC,109,93,0.441,33,0.333,24,0.667,46,24,6,2,14,18,CHA,104,94,0.457,31,0.194,14,0.857,46,24,8,5,13,21,1
11/23/2018,MIL,114,87,0.483,44,0.227,30,0.667,42,30,6,7,14,17,PHX,116,90,0.5,26,0.346,22,0.773,40,21,8,4,11,25,-1
11/23/2018,DEN,112,93,0.473,28,0.321,17,0.882,51,33,10,5,11,20,ORL,87,79,0.405,32,0.25,19,0.789,37,24,7,2,13,19,1
11/23/2018,GSW,125,85,0.565,32,0.531,16,0.75,43,29,11,10,15,22,POR,97,93,0.409,24,0.375,22,0.545,39,22,9,2,13,16,1
11/23/2018,LAL,90,79,0.456,23,0.304,18,0.611,47,10,11,5,23,20,UTA,83,85,0.388,23,0.174,17,0.765,41,22,12,3,19,21,1
11/24/2018,CLE,117,90,0.489,22,0.318,29,0.759,49,15,11,2,13,24,HOU,108,74,0.5,39,0.385,28,0.679,31,18,5,4,16,19,1
11/24/2018,MIN,111,103,0.408,34,0.206,23,0.87,59,22,7,5,13,23,CHI,96,81,0.395,33,0.303,31,0.71,40,22,7,4,13,19,1
11/24/2018,OKC,98,103,0.359,39,0.231,23,0.652,54,22,9,5,10,24,DEN,105,95,0.411,30,0.333,24,0.708,54,26,6,9,14,20,-1
11/24/2018,WAS,124,90,0.567,29,0.345,23,0.522,45,30,12,9,14,16,NOP,114,90,0.478,31,0.355,21,0.81,43,23,10,3,16,21,1
11/24/2018,DAL,113,87,0.483,41,0.39,21,0.619,43,27,12,3,16,16,BOS,104,86,0.477,28,0.357,13,0.923,42,19,8,3,17,21,1
11/24/2018,GSW,117,88,0.466,34,0.294,29,0.862,54,28,5,6,14,24,SAC,116,97,0.433,28,0.393,29,0.724,47,28,6,4,8,22,1
11/24/2018,MIL,135,86,0.57,40,0.375,29,0.759,41,30,7,3,13,22,SAS,129,92,0.533,21,0.476,28,0.75,39,27,8,3,10,21,1
11/25/2018,LAL,104,79,0.468,26,0.385,31,0.645,42,22,9,10,18,17,ORL,108,93,0.452,31,0.355,14,0.929,45,31,8,5,13,22,-1
11/25/2018,DET,118,93,0.462,41,0.39,25,0.64,41,30,9,0,12,19,PHX,107,82,0.512,25,0.32,21,0.714,42,22,6,6,17,22,1
11/25/2018,ATL,124,94,0.532,39,0.41,11,0.727,41,34,5,9,15,23,CHA,123,92,0.446,45,0.4,28,0.821,42,30,8,4,10,15,1
11/25/2018,BKN,125,88,0.568,25,0.4,20,0.75,43,19,2,4,16,25,PHI,127,91,0.484,29,0.414,33,0.818,42,28,9,6,9,22,-1
11/25/2018,MEM,98,86,0.442,30,0.367,19,0.579,41,27,5,19,7,23,NYK,103,91,0.374,22,0.364,32,0.844,56,17,4,5,7,21,-1
11/25/2018,TOR,125,90,0.522,35,0.314,25,0.8,47,25,4,7,9,21,MIA,115,95,0.411,36,0.417,32,0.688,46,21,6,5,7,22,1
11/25/2018,SAC,112,85,0.471,23,0.391,31,0.742,36,20,10,7,17,25,UTA,133,92,0.533,30,0.333,33,0.758,49,30,11,5,18,26,-1
11/25/2018,POR,100,97,0.433,38,0.211,10,0.8,58,18,2,5,12,24,LAC,104,90,0.422,25,0.2,34,0.676,48,15,9,5,4,13,-1
11/26/2018,CHA,110,81,0.469,29,0.448,30,0.7,44,21,9,5,11,22,MIL,107,90,0.411,46,0.348,21,0.81,48,25,7,5,14,22,1
11/26/2018,CLE,95,86,0.419,31,0.323,14,0.929,40,24,4,3,16,18,MIN,102,86,0.465,26,0.308,19,0.737,39,18,8,8,8,18,-1
11/26/2018,WAS,135,89,0.562,29,0.379,32,0.75,38,29,7,7,13,29,HOU,131,97,0.474,48,0.375,27,0.778,48,22,8,5,19,31,1
11/26/2018,CHI,107,90,0.467,33,0.424,11,0.818,43,23,6,5,11,12,SAS,108,93,0.484,30,0.333,9,0.889,46,29,7,2,10,16,-1
11/26/2018,NOP,107,77,0.442,32,0.375,29,0.931,40,21,8,5,22,20,BOS,124,97,0.495,39,0.487,10,0.9,42,27,14,4,13,25,-1
11/26/2018,UTA,88,81,0.42,31,0.258,17,0.706,38,25,10,4,17,17,IND,121,84,0.583,18,0.5,17,0.824,39,33,13,4,16,17,-1
11/26/2018,GSW,116,84,0.488,35,0.371,23,0.913,46,21,8,7,14,19,ORL,110,90,0.444,30,0.467,21,0.762,34,28,11,2,11,21,1
11/27/2018,DET,115,80,0.475,24,0.292,45,0.711,48,20,5,7,13,26,NYK,108,91,0.396,27,0.333,32,0.844,50,16,5,5,13,31,1
11/27/2018,MIA,113,87,0.46,38,0.342,30,0.667,43,22,20,3,20,25,ATL,115,80,0.475,31,0.387,32,0.844,46,22,13,7,24,24,-1
11/27/2018,MEM,114,85,0.506,29,0.345,21,0.857,35,27,9,5,13,23,TOR,122,69,0.609,33,0.545,28,0.714,31,25,5,5,15,18,-1
11/27/2018,DEN,117,97,0.485,25,0.36,15,0.933,60,28,7,4,11,17,LAL,85,87,0.391,35,0.143,18,0.667,39,19,5,8,12,19,1
11/27/2018,PHX,104,92,0.446,30,0.333,18,0.667,45,20,8,6,8,17,IND,109,90,0.422,26,0.433,29,0.759,55,25,8,6,12,13,-1
11/28/2018,CHA,108,83,0.458,20,0.2,37,0.757,44,20,15,5,14,21,ATL,94,93,0.344,44,0.25,22,0.864,54,20,11,8,19,25,1
11/28/2018,PHI,117,87,0.54,25,0.48,16,0.688,50,34,7,5,16,19,NYK,91,92,0.348,29,0.207,22,0.955,41,14,11,5,13,21,1
11/28/2018,BKN,91,86,0.349,30,0.367,28,0.714,48,11,12,5,20,20,UTA,101,82,0.476,28,0.321,21,0.667,48,17,10,6,19,25,-1
11/28/2018,HOU,108,87,0.46,45,0.289,23,0.652,38,28,10,5,16,26,DAL,128,85,0.541,34,0.5,24,0.792,37,27,10,7,14,17,-1
11/28/2018,MIL,116,87,0.494,35,0.343,24,0.75,48,29,6,8,12,23,CHI,113,89,0.449,37,0.297,29,0.759,45,28,9,3,11,23,1
11/28/2018,MIN,128,99,0.505,41,0.439,15,0.667,48,33,12,6,8,18,SAS,89,87,0.391,27,0.296,13,1,46,23,1,8,18,17,1
11/28/2018,NOP,125,95,0.484,36,0.306,28,0.786,64,24,10,5,20,20,WAS,104,95,0.432,39,0.333,16,0.563,38,26,12,2,16,22,1
11/28/2018,OKC,100,86,0.477,27,0.222,15,0.8,50,25,5,11,13,18,CLE,83,89,0.393,23,0.391,9,0.444,43,20,4,1,12,19,1
11/28/2018,POR,115,85,0.435,39,0.487,32,0.688,47,24,8,1,11,17,ORL,112,81,0.519,30,0.467,15,0.933,37,28,3,8,14,20,1
11/28/2018,LAC,115,86,0.465,21,0.524,32,0.75,56,21,6,7,21,17,PHX,99,89,0.438,26,0.308,18,0.722,34,20,17,6,16,24,1
11/29/2018,TOR,131,90,0.522,38,0.395,24,0.917,37,25,5,6,14,23,GSW,128,103,0.485,30,0.367,20,0.85,46,27,6,5,14,22,1
11/29/2018,LAL,104,86,0.488,24,0.292,23,0.565,50,25,8,11,18,23,IND,96,86,0.372,23,0.435,27,0.815,44,23,14,4,17,22,1
11/29/2018,SAC,121,96,0.479,24,0.292,26,0.846,48,26,4,2,11,25,LAC,133,90,0.556,28,0.429,28,0.75,38,25,7,5,9,21,-1
11/30/2018,BOS,128,92,0.533,31,0.548,16,0.813,47,30,4,4,10,27,CLE,95,77,0.39,22,0.318,35,0.8,36,18,5,1,13,21,1
11/30/2018,CHA,111,95,0.495,28,0.321,13,0.615,38,19,8,3,8,17,UTA,119,81,0.543,40,0.45,18,0.722,41,32,5,5,14,13,-1
11/30/2018,DET,107,92,0.446,34,0.382,16,0.75,52,24,5,5,13,17,CHI,88,86,0.43,21,0.143,14,0.786,40,25,5,7,15,20,1
11/30/2018,PHI,123,98,0.439,38,0.316,33,0.758,58,28,11,7,12,17,WAS,98,92,0.42,28,0.286,19,0.841,42,22,10,4,15,20,1
11/30/2018,BKN,125,94,0.447,44,0.364,30,0.833,51,26,7,4,16,28,MEM,131,101,0.495,30,0.4,22,0.864,45,27,8,6,17,23,-1
11/30/2018,MIA,106,93,0.43,33,0.333,24,0.625,46,22,10,4,10,24,NOP,101,82,0.427,28,0.214,29,0.862,46,25,4,8,16,22,1
11/30/2018,OKC,124,88,0.523,41,0.439,15,0.933,46,30,12,7,20,24,ATL,109,96,0.448,36,0.306,20,0.6,42,26,15,3,21,12,1
11/30/2018,SAS,105,86,0.453,28,0.357,20,0.85,41,24,4,4,13,18,HOU,136,98,0.5,54,0.407,20,0.8,49,32,9,6,5,22,-1
11/30/2018,PHX,85,84,0.405,28,0.25,14,0.714,40,22,5,0,12,15,ORL,99,82,0.476,27,0.296,18,0.722,44,23,7,5,12,16,-1
11/30/2018,LAL,114,86,0.488,30,0.3,32,0.656,47,23,8,3,17,29,DAL,103,86,0.395,39,0.256,34,0.735,46,20,9,4,16,25,1
11/30/2018,POR,112,85,0.529,22,0.273,21,0.762,44,19,7,6,14,23,DEN,113,87,0.46,30,0.467,26,0.731,41,28,11,3,11,21,-1
12/01/2018,NYK,136,96,0.531,34,0.588,21,0.667,41,30,5,2,16,23,MIL,134,94,0.489,42,0.429,31,0.774,51,28,11,4,16,25,1
12/01/2018,DET,111,98,0.439,35,0.343,20,0.65,47,22,8,2,11,21,GSW,102,85,0.459,26,0.231,21,0.857,44,23,6,5,14,22,1
12/01/2018,WAS,102,79,0.519,26,0.308,18,0.667,38,19,8,3,13,21,BKN,88,91,0.37,33,0.242,25,0.8,42,19,8,2,17,17,1
12/01/2018,CLE,95,88,0.386,22,0.227,25,0.88,44,14,6,0,11,23,TOR,106,80,0.488,26,0.269,24,0.84,42,15,5,5,10,19,-1
12/01/2018,HOU,121,84,0.5,41,0.39,30,0.7,47,23,8,7,14,21,CHI,105,88,0.443,32,0.25,24,0.792,41,15,11,6,13,22,1
12/01/2018,MIN,109,82,0.451,28,0.321,32,0.813,39,19,6,2,16,18,BOS,118,85,0.471,44,0.386,21,1,40,30,9,3,14,25,-1
12/01/2018,SAC,111,91,0.451,29,0.448,24,0.667,46,25,10,3,20,16,IND,110,82,0.524,24,0.417,18,0.778,42,32,11,5,25,26,1
12/02/2018,LAL,120,92,0.5,27,0.407,23,0.739,56,26,9,4,19,15,PHX,96,93,0.398,33,0.394,11,0.818,40,24,12,8,15,22,1
12/02/2018,CHA,109,91,0.429,36,0.278,28,0.75,41,25,9,6,11,19,NOP,119,86,0.512,32,0.344,24,0.833,50,30,6,5,17,25,-1
12/02/2018,MIA,102,91,0.396,31,0.419,24,0.708,50,20,8,8,13,16,UTA,100,89,0.438,33,0.333,15,0.733,50,21,8,6,13,18,1
12/02/2018,PHI,103,74,0.486,22,0.364,30,0.767,44,22,5,2,16,20,MEM,95,79,0.418,28,0.393,23,0.783,35,19,7,7,14,24,1
12/02/2018,DAL,114,95,0.442,23,0.348,26,0.846,64,20,6,5,16,21,LAC,110,95,0.442,24,0.375,22,0.773,44,23,9,5,10,22,1
12/02/2018,SAS,131,83,0.602,15,0.733,22,0.909,34,29,5,4,12,15,POR,118,86,0.523,29,0.414,16,1,35,25,6,5,17,21,1
12/03/2018,DET,83,94,0.33,32,0.188,19,0.789,41,16,10,3,15,18,OKC,110,85,0.506,25,0.28,20,0.85,52,23,10,8,17,24,-1
12/03/2018,ATL,111,90,0.489,26,0.192,24,0.75,35,23,10,4,18,21,GSW,128,82,0.585,24,0.542,22,0.864,39,33,10,8,24,20,-1
12/03/2018,BKN,97,99,0.394,40,0.25,16,0.563,50,17,5,2,7,20,CLE,99,88,0.432,15,0.267,20,0.95,55,15,5,4,9,17,-1
12/03/2018,NYK,107,90,0.411,34,0.353,28,0.75,55,20,4,5,16,14,WAS,110,92,0.478,32,0.406,12,0.75,38,30,7,8,10,24,-1
12/03/2018,TOR,103,87,0.46,41,0.268,12,1,41,28,11,5,17,21,DEN,106,89,0.449,28,0.393,24,0.625,49,32,9,2,20,14,-1
12/03/2018,MIN,103,82,0.439,22,0.5,28,0.714,42,22,11,7,14,16,HOU,91,74,0.432,39,0.282,19,0.842,34,24,9,6,20,27,1
12/03/2018,NOP,126,92,0.533,34,0.382,22,0.682,35,32,10,5,7,24,LAC,129,83,0.59,20,0.4,30,0.767,39,29,4,1,12,21,-1
12/04/2018,IND,96,76,0.461,22,0.273,24,0.833,45,22,10,6,18,13,CHI,90,94,0.394,31,0.355,5,1,44,26,8,2,18,23,1
12/04/2018,MIA,90,91,0.418,35,0.343,5,0.4,47,19,7,11,15,19,ORL,105,86,0.442,28,0.5,20,0.75,43,22,5,4,11,13,-1
12/04/2018,DAL,111,88,0.432,30,0.367,35,0.686,50,25,11,4,13,19,POR,102,84,0.452,24,0.292,23,0.826,48,20,7,6,18,29,1
12/04/2018,PHX,105,87,0.437,43,0.279,21,0.81,43,27,9,4,21,27,SAC,122,84,0.536,24,0.458,32,0.656,42,27,13,3,13,22,-1
12/04/2018,UTA,139,84,0.607,33,0.606,20,0.85,42,38,12,5,17,20,SAS,105,90,0.489,22,0.318,11,0.909,32,25,7,5,16,19,1
12/05/2018,CLE,105,89,0.438,32,0.344,23,0.696,41,17,7,2,10,19,GSW,129,85,0.529,34,0.529,24,0.875,46,29,6,5,8,17,-1
12/05/2018,ORL,118,95,0.474,49,0.408,8,1,40,30,4,4,9,23,DEN,124,82,0.549,19,0.579,37,0.622,43,34,5,2,10,19,-1
12/05/2018,ATL,117,92,0.446,38,0.316,31,0.742,43,28,13,4,17,27,WAS,131,95,0.484,38,0.316,32,0.844,49,35,9,4,15,24,-1
12/05/2018,BKN,112,86,0.43,36,0.417,30,0.767,45,21,7,4,14,24,OKC,114,99,0.434,38,0.342,26,0.577,60,28,8,6,13,23,-1
12/05/2018,MEM,96,85,0.435,28,0.25,24,0.625,49,18,9,6,15,27,LAC,86,74,0.338,23,0.348,35,0.8,47,16,9,4,18,21,1
12/05/2018,MIL,115,82,0.463,41,0.341,30,0.833,46,25,13,4,15,21,DET,92,95,0.368,38,0.237,29,0.684,51,19,6,1,20,26,1
12/05/2018,MIN,121,89,0.539,24,0.5,20,0.65,50,34,6,11,15,15,CHA,104,98,0.408,33,0.364,15,0.8,40,27,7,1,10,15,1
12/05/2018,NOP,132,92,0.554,29,0.586,20,0.65,46,36,12,6,11,15,DAL,106,91,0.429,46,0.304,21,0.667,45,26,7,4,18,17,1
12/05/2018,TOR,113,100,0.43,29,0.276,22,0.864,53,25,12,3,11,13,PHI,102,88,0.455,35,0.314,14,0.786,49,26,7,5,21,23,1
12/05/2018,LAL,121,88,0.477,39,0.359,33,0.697,42,21,6,3,12,18,SAS,113,96,0.448,27,0.259,29,1,49,18,8,2,10,24,1
12/06/2018,BOS,128,92,0.533,38,0.342,20,0.85,46,32,8,6,9,24,NYK,100,91,0.396,35,0.343,20,0.8,47,21,4,5,16,23,1
12/06/2018,POR,108,85,0.482,27,0.333,27,0.63,56,24,10,6,17,19,PHX,86,91,0.385,27,0.185,14,0.786,41,20,11,2,16,21,1
12/06/2018,UTA,118,89,0.506,32,0.25,27,0.741,47,26,16,4,12,24,HOU,91,88,0.386,36,0.222,17,0.882,43,13,5,5,23,26,1
12/07/2018,CHA,113,86,0.384,35,0.371,38,0.895,48,20,8,9,9,20,DEN,107,101,0.386,35,0.229,26,0.808,55,24,6,12,9,28,1
12/07/2018,DET,111,89,0.416,28,0.25,37,0.811,49,22,10,3,16,24,PHI,117,90,0.489,32,0.281,21,0.952,40,26,11,12,16,28,-1
12/07/2018,ORL,90,89,0.404,33,0.242,13,0.769,47,20,3,7,14,18,IND,112,93,0.473,26,0.346,18,0.833,53,26,8,8,9,17,-1
12/07/2018,BKN,106,98,0.439,35,0.314,13,0.692,60,22,8,2,20,28,TOR,105,89,0.393,35,0.314,29,0.828,41,25,9,7,15,19,1
12/07/2018,CLE,110,81,0.531,26,0.385,19,0.737,25,20,4,0,16,17,SAC,129,98,0.571,29,0.448,7,0.571,35,31,6,5,9,18,-1
12/07/2018,CHI,114,82,0.524,24,0.48,23,0.696,39,25,15,6,20,26,OKC,112,94,0.457,28,0.357,24,0.667,51,25,12,6,22,22,1
12/07/2018,NOP,103,84,0.452,29,0.241,24,0.833,42,25,5,5,18,25,MEM,107,83,0.47,19,0.421,28,0.75,42,30,10,7,11,25,-1
12/07/2018,SAS,133,91,0.505,31,0.419,33,0.848,48,27,4,7,10,18,LAL,120,100,0.46,36,0.306,21,0.81,43,24,8,1,8,24,1
12/07/2018,PHX,98,79,0.456,34,0.412,16,0.75,42,27,7,4,20,21,MIA,115,86,0.488,37,0.405,18,0.889,40,32,10,5,12,16,-1
12/07/2018,MIL,95,92,0.391,39,0.179,23,0.696,54,18,10,3,18,21,GSW,105,89,0.449,46,0.413,7,0.857,43,32,7,6,17,20,-1
12/08/2018,DAL,107,83,0.494,30,0.4,16,0.813,44,21,9,3,15,14,HOU,104,86,0.453,47,0.319,13,0.846,36,20,5,3,12,19,1
12/08/2018,IND,107,92,0.435,30,0.267,22,0.864,52,26,7,8,15,17,SAC,97,90,0.422,32,0.281,15,0.8,43,24,9,8,13,21,1
12/08/2018,ATL,106,93,0.43,42,0.357,16,0.688,51,33,9,11,18,23,DEN,98,97,0.371,36,0.25,21,0.81,48,28,11,4,15,16,1
12/08/2018,CLE,116,89,0.528,31,0.484,10,0.7,49,26,5,5,7,20,WAS,101,86,0.442,38,0.368,16,0.688,33,26,3,3,8,12,1
12/08/2018,NYK,104,83,0.47,26,0.308,30,0.6,40,22,8,2,12,18,BKN,112,88,0.489,22,0.5,15,0.6,45,27,5,5,12,25,-1
12/08/2018,CHI,77,81,0.383,24,0.25,14,0.643,37,16,3,2,15,17,BOS,133,93,0.538,43,0.512,15,733,54,34,10,4,7,14,-1
12/08/2018,MEM,88,84,0.405,30,0.2,18,0.778,36,17,13,7,15,19,LAL,111,97,0.443,40,0.4,12,0.75,57,27,11,6,18,22,-1
12/08/2018,POR,113,83,0.47,33,0.303,30,0.833,53,23,10,9,19,20,MIN,105,91,0.44,16,0.438,22,0.818,40,25,12,7,12,23,1
12/08/2018,LAC,98,89,0.371,29,0.241,31,0.806,49,16,5,8,16,26,MIA,121,92,0.435,39,0.333,39,0.718,57,27,9,6,11,24,-1
12/09/2018,DET,108,98,0.439,29,0.31,24,0.542,47,28,8,5,10,22,NOP,116,79,0.532,30,0.4,23,0.86,47,27,5,8,18,19,-1
12/09/2018,TOR,99,94,0.415,44,0.341,7,0.857,45,24,6,11,11,21,MIL,104,87,0.414,39,0.385,20,0.85,45,22,6,7,11,13,-1
12/09/2018,SAS,110,89,0.528,14,0.357,12,0.917,46,26,7,7,11,15,UTA,97,85,0.435,29,0.31,19,0.737,38,23,8,4,14,15,1
12/09/2018,NYK,107,93,0.473,26,0.5,7,0.857,41,28,5,2,17,25,CHA,119,87,0.483,34,0.353,27,0.852,42,19,11,4,12,17,-1
12/10/2018,IND,109,76,0.539,20,0.5,22,0.773,50,29,7,7,23,25,WAS,101,88,0.42,30,0.33,24,0.708,34,22,13,3,12,22,1
12/10/2018,PHI,116,88,0.443,37,0.405,35,0.657,48,27,9,5,13,19,DET,102,84,0.488,21,0.429,21,0.524,46,23,5,5,15,24,1
12/10/2018,BOS,113,90,0.489,39,0.308,19,0.684,51,23,8,5,13,21,NOP,100,87,0.448,26,0.308,19,0.737,39,28,11,1,13,19,1
12/10/2018,CHI,89,76,0.447,28,0.286,13,1,40,16,10,3,27,17,SAC,108,88,0.455,37,0.432,15,0.8,42,28,16,4,16,15,-1
12/10/2018,MIL,108,96,0.438,36,0.417,11,0.818,58,22,4,4,14,24,CLE,92,96,0.375,30,0.333,15,0.667,46,24,5,2,9,15,1
12/10/2018,OKC,122,85,0.506,21,0.381,39,0.718,43,25,12,2,17,26,UTA,113,84,0.512,29,0.276,30,0.633,45,30,11,4,20,28,1
12/10/2018,DAL,101,82,0.427,35,0.286,25,0.84,52,28,7,4,12,11,ORL,76,89,0.36,28,0.286,5,0.8,42,18,8,2,15,18,1
12/10/2018,DEN,105,77,0.506,28,0.321,23,0.783,40,22,11,6,13,17,MEM,99,74,0.5,27,0.333,17,0.941,34,22,7,4,14,19,1
12/10/2018,PHX,119,94,0.5,25,0.36,20,0.8,40,31,14,8,15,29,LAC,123,85,0.529,21,0.33,33,0.788,42,27,8,4,18,21,-1
12/10/2018,GSW,116,93,0.419,43,0.442,21,0.905,49,25,6,5,16,26,MIN,108,83,0.458,25,0.28,31,0.806,42,28,5,6,16,18,1
12/10/2018,LAL,108,90,0.456,32,0.438,20,0.6,46,24,9,7,12,10,MIA,105,94,0.447,34,0.324,13,0.769,50,29,9,7,17,19,1
12/11/2018,HOU,111,85,0.494,29,0.31,27,0.667,42,22,9,5,7,21,POR,104,87,0.437,25,0.4,21,0.857,44,20,1,4,14,17,1
12/11/2018,SAS,111,83,0.494,21,0.619,19,0.842,46,28,7,2,15,15,PHX,86,82,0.402,28,0.286,14,0.857,40,19,7,5,17,22,1
12/11/2018,LAC,99,86,0.442,25,0.28,19,0.842,44,25,2,5,15,16,TOR,123,96,0.521,29,0.483,12,0.75,43,34,8,6,7,22,-1
12/12/2018,CHA,108,85,0.412,28,0.321,37,0.784,42,21,7,5,7,17,DET,107,86,0.465,34,0.382,21,0.667,49,23,4,10,14,26,1
12/12/2018,CLE,113,91,0.473,34,0.294,21,0.81,51,19,7,4,12,18,NYK,106,94,0.436,27,0.407,14,0.929,43,21,7,7,12,18,1
12/12/2018,IND,113,91,0.473,30,0.4,20,0.75,54,31,7,4,16,13,MIL,97,91,0.418,43,0.256,15,0.667,43,22,6,6,12,18,1
12/12/2018,MEM,92,82,0.415,24,0.333,24,0.667,51,19,9,10,12,22,POR,83,87,0.368,22,0.273,16,0.813,44,15,11,9,14,19,1
12/12/2018,DAL,114,75,0.467,34,0.353,43,0.744,36,22,13,5,14,16,ATL,107,93,0.462,33,0.333,14,0.714,44,21,7,2,21,30,1
12/12/2018,GSW,93,82,0.476,26,0.231,13,0.692,40,28,5,11,19,18,TOR,113,91,0.484,28,0.321,19,0.842,48,27,12,3,11,17,-1